variant,pass_rate,n
adw_adb_union,56.70731707317073,164
adw_gepn_gate_v3,46.95121951219512,164
baseline_s1,40.243902439024396,164
baseline_s2,40.243902439024396,164
adw_teach,29.878048780487802,164
adb_from_adw,26.82926829268293,164
primitive,12.195121951219512,164
